{
    "max volume in 24h": [
        "USDT",
        56978081033.956314
    ],
    "best 10 crypto:": [
        [
            "NSR",
            4873.74338528
        ],
        [
            "IG",
            2302.00924172
        ],
        [
            "WTN",
            2014.36066844
        ],
        [
            "LCMS",
            1830.55134418
        ],
        [
            "FEX",
            1220.35732563
        ],
        [
            "SFK",
            681.7558826
        ],
        [
            "TTN",
            681.69343616
        ],
        [
            "FX1",
            636.20930467
        ],
        [
            "ELONHYPE",
            513.53413347
        ],
        [
            "OWC",
            446.42971285
        ],
        [
            "CBS",
            398.92962438
        ]
    ],
    "worst 10 crypto:": [
        [
            "PETH",
            -99.00783892
        ],
        [
            "WAB",
            -96.95122285
        ],
        [
            "HAND",
            -95.3232026
        ],
        [
            "HAVY",
            -89.83303519
        ],
        [
            "VEX",
            -89.16921601
        ],
        [
            "GSR",
            -86.79365827
        ],
        [
            "NOMAD",
            -82.68366405
        ],
        [
            "MINITESLA",
            -80.39195307
        ],
        [
            "SER",
            -76.84949643
        ],
        [
            "IRA",
            -76.01530322
        ]
    ],
    "Sum to buy one of each best 20 crypto": 80217.32440465309,
    "Sum to buy one of each cripto with more then 76000000$ of market cap in the last 24h": 102514.65548426192,
    "Possible profit (%)": 5.2727777
}