{"max volume in 24h": ["USDT", 56985310018.94718], "best 10 crypto:": [["NSR", 4873.13307617], ["IG", 2300.27337058], ["WTN", 2014.27948518], ["LCMS", 1832.61173804], ["FEX", 1219.45782066], ["SFK", 681.7558826], ["TTN", 681.58288648], ["FX1", 636.2153002], ["ELONHYPE", 513.53413347], ["OWC", 446.32256038], ["CBS", 398.92962438]], "worst 10 crypto:": [["PETH", -99.00791599], ["WAB", -96.95087852], ["HAND", -95.32289656], ["HAVY", -89.83710557], ["VEX", -89.14554935], ["GSR", -86.79684861], ["NOMAD", -82.75519618], ["MINITESLA", -80.39195307], ["SER", -76.84876419], ["IRA", -76.02095802]], "Sum to buy one of each best 20 crypto": 80220.39609797801, "Sum to buy one of each cripto with more then 76000000$ of market cap in the last 24h": 102520.03310260054, "Possible profit (%)": 4.48717151}