{
    "max volume in 24h": [
        "USDT",
        57332418251.09805
    ],
    "best 10 crypto:": [
        [
            "IG",
            2267.39723034
        ],
        [
            "FTXT",
            2034.93019408
        ],
        [
            "LCMS",
            1790.34052804
        ],
        [
            "SOCA",
            1600.88645772
        ],
        [
            "TTN",
            909.83112934
        ],
        [
            "GSR",
            655.51285294
        ],
        [
            "JST",
            562.86066592
        ],
        [
            "JPEGS",
            342.5301664
        ],
        [
            "SPEAR",
            329.57529306
        ],
        [
            "DGD",
            288.70966341
        ],
        [
            "COURSE",
            286.57297662
        ]
    ],
    "worst 10 crypto:": [
        [
            "PETH",
            -98.95397713
        ],
        [
            "HAND",
            -96.90426719
        ],
        [
            "WTN",
            -95.48265239
        ],
        [
            "FEX",
            -93.10912579
        ],
        [
            "METAPAY",
            -91.47504194
        ],
        [
            "MICRO",
            -87.66683688
        ],
        [
            "MINITESLA",
            -79.63302311
        ],
        [
            "CBS",
            -78.89440213
        ],
        [
            "DON",
            -77.94548349
        ],
        [
            "SER",
            -77.55226109
        ]
    ],
    "Sum to buy one of each best 20 crypto": 81251.15978075247,
    "Sum to buy one of each cripto with more then 76000000$ of market cap in the last 24h": 103856.01081220555,
    "Possible profit (%)": 16.37892421
}